{"farPlane": 14.6022, "nearPlane": 592.692, "upVector": [-1.0, 0.0, 0.0], "numberOfResources": 1,"colour": [16711680], "targetPosition": [8.17948, 90.30586, -4.98537], "timeEnabled": [1], "eyePosition": [8.17948, 90.30586, -297.029]}
